{
  "created_utc": "2026-02-02T02:12:12+00:00",
  "model": "mlp_medium",
  "n_seeds": 5,
  "run_dir": "ml_models/runs/mlp_medium",
  "seed_runs": [
    {
      "best_c": null,
      "hem_only": {
        "fn": 13,
        "n_neg": 0,
        "n_pos": 262,
        "n_total": 262,
        "tp": 249,
        "tpr_recall": 0.950381679389313
      },
      "seed": 3408,
      "threshold": 0.17898806929588318,
      "valid": {
        "balanced_accuracy": 0.954860485130624,
        "fn": 109,
        "fp": 2098,
        "mcc": 0.7793648329213129,
        "n_neg": 32044,
        "n_pos": 4394,
        "n_total": 36438,
        "precision": 0.6713144289519035,
        "roc_auc": 0.991693399130815,
        "tn": 29946,
        "tnr_specificity": 0.9345275246536013,
        "tp": 4285,
        "tpr_recall": 0.9751934456076468
      }
    },
    {
      "best_c": null,
      "hem_only": {
        "fn": 11,
        "n_neg": 0,
        "n_pos": 262,
        "n_total": 262,
        "tp": 251,
        "tpr_recall": 0.9580152671755725
      },
      "seed": 3409,
      "threshold": 0.132803812623024,
      "valid": {
        "balanced_accuracy": 0.9545058009960928,
        "fn": 173,
        "fp": 1654,
        "mcc": 0.8049536758192268,
        "n_neg": 32044,
        "n_pos": 4394,
        "n_total": 36438,
        "precision": 0.7184680851063829,
        "roc_auc": 0.9914223718729487,
        "tn": 30390,
        "tnr_specificity": 0.9483834727250031,
        "tp": 4221,
        "tpr_recall": 0.9606281292671826
      }
    },
    {
      "best_c": null,
      "hem_only": {
        "fn": 11,
        "n_neg": 0,
        "n_pos": 262,
        "n_total": 262,
        "tp": 251,
        "tpr_recall": 0.9580152671755725
      },
      "seed": 3410,
      "threshold": 0.2844674587249756,
      "valid": {
        "balanced_accuracy": 0.9534641702547482,
        "fn": 179,
        "fp": 1677,
        "mcc": 0.8021725903253205,
        "n_neg": 32044,
        "n_pos": 4394,
        "n_total": 36438,
        "precision": 0.7153767820773931,
        "roc_auc": 0.9905540704528542,
        "tn": 30367,
        "tnr_specificity": 0.9476657096492324,
        "tp": 4215,
        "tpr_recall": 0.959262630860264
      }
    },
    {
      "best_c": null,
      "hem_only": {
        "fn": 7,
        "n_neg": 0,
        "n_pos": 262,
        "n_total": 262,
        "tp": 255,
        "tpr_recall": 0.9732824427480916
      },
      "seed": 3411,
      "threshold": 0.13741527497768402,
      "valid": {
        "balanced_accuracy": 0.9561510126580048,
        "fn": 110,
        "fp": 2008,
        "mcc": 0.7860185987848494,
        "n_neg": 32044,
        "n_pos": 4394,
        "n_total": 36438,
        "precision": 0.680864589955499,
        "roc_auc": 0.9913029766990279,
        "tn": 30036,
        "tnr_specificity": 0.9373361627761827,
        "tp": 4284,
        "tpr_recall": 0.9749658625398271
      }
    },
    {
      "best_c": null,
      "hem_only": {
        "fn": 14,
        "n_neg": 0,
        "n_pos": 262,
        "n_total": 262,
        "tp": 248,
        "tpr_recall": 0.9465648854961832
      },
      "seed": 3412,
      "threshold": 0.30274349451065063,
      "valid": {
        "balanced_accuracy": 0.9548022683534765,
        "fn": 173,
        "fp": 1635,
        "mcc": 0.8065337204524882,
        "n_neg": 32044,
        "n_pos": 4394,
        "n_total": 36438,
        "precision": 0.7207991803278688,
        "roc_auc": 0.9912629486697484,
        "tn": 30409,
        "tnr_specificity": 0.9489764074397703,
        "tp": 4221,
        "tpr_recall": 0.9606281292671826
      }
    }
  ],
  "seeds": [
    3408,
    3409,
    3410,
    3411,
    3412
  ],
  "summary": {
    "best_c_counts": {},
    "hem_only": {
      "tpr_recall": {
        "mean": 0.9572519083969465,
        "std": 0.010241532721373086
      }
    },
    "threshold": {
      "mean": 0.2072836220264435,
      "std": 0.08108544588061145
    },
    "valid": {
      "balanced_accuracy": {
        "mean": 0.9547567474785893,
        "std": 0.0009605387886104631
      },
      "mcc": {
        "mean": 0.7958086836606395,
        "std": 0.012302465127123208
      },
      "precision": {
        "mean": 0.7013646132838095,
        "std": 0.023397844738983327
      },
      "roc_auc": {
        "mean": 0.9912471533650788,
        "std": 0.0004223643179821874
      },
      "tnr_specificity": {
        "mean": 0.943377855448758,
        "std": 0.006885057877214711
      },
      "tpr_recall": {
        "mean": 0.9661356395084206,
        "std": 0.008184135203365715
      }
    }
  }
}
