{
  "arch": "large",
  "batch_size": 2048,
  "best_epoch": 27,
  "best_lr": 0.0003,
  "best_threshold": 0.10530848056077957,
  "datasets_dir": "ml_models/artifacts/datasets",
  "device": "cpu",
  "dropout": 0.1,
  "env": {
    "git_commit": null,
    "numpy": "2.4.1",
    "pandas": "3.0.0",
    "pymatgen": null,
    "python": "3.11.14 | packaged by conda-forge | (main, Jan 26 2026, 23:48:32) [GCC 14.3.0]",
    "scikit_learn": "1.8.0",
    "timestamp_utc": "2026-01-27T19:26:24+00:00",
    "torch": "2.7.0+cpu",
    "xgboost": "3.1.3"
  },
  "eval_batch_size": 8192,
  "feature_set": "v1",
  "features_train": "ml_models/artifacts/features/features_v1_train.npz",
  "features_valid": "ml_models/artifacts/features/features_v1_valid.npz",
  "features_valid_hem_only": "ml_models/artifacts/features/features_v1_valid_hem_only.npz",
  "hidden_sizes": [
    4096,
    4096,
    4096
  ],
  "inner_split_seed": 3412,
  "lr_grid": [
    0.0001,
    0.0003,
    0.001
  ],
  "max_epochs": 50,
  "model": "mlp_large",
  "num_workers": 0,
  "parameter_count": 34070529,
  "patience": 5,
  "retrain_full": true,
  "seed": 3412,
  "tune_frac": 0.1,
  "tune_search": [
    {
      "best_auc": 0.9897171969686729,
      "best_epoch": 36,
      "lr": 0.0001,
      "metrics_tune": {
        "balanced_accuracy": 0.9520070962683312,
        "fn": 131,
        "fp": 1801,
        "n_neg": 28904,
        "n_pos": 3890,
        "n_total": 32794,
        "precision": 0.6760791366906475,
        "roc_auc": 0.9897171969686729,
        "threshold": 0.050386253744363785,
        "tn": 27103,
        "tnr_specificity": 0.9376902850816496,
        "tp": 3759,
        "tpr_recall": 0.9663239074550128
      },
      "threshold": 0.050386253744363785
    },
    {
      "best_auc": 0.990423123937623,
      "best_epoch": 27,
      "lr": 0.0003,
      "metrics_tune": {
        "balanced_accuracy": 0.9545950889995212,
        "fn": 111,
        "fp": 1800,
        "n_neg": 28904,
        "n_pos": 3890,
        "n_total": 32794,
        "precision": 0.6773615343251479,
        "roc_auc": 0.990423123937623,
        "threshold": 0.10530848056077957,
        "tn": 27104,
        "tnr_specificity": 0.9377248823692222,
        "tp": 3779,
        "tpr_recall": 0.9714652956298201
      },
      "threshold": 0.10530848056077957
    },
    {
      "best_auc": 0.9903851780950963,
      "best_epoch": 37,
      "lr": 0.001,
      "metrics_tune": {
        "balanced_accuracy": 0.9543971462663035,
        "fn": 119,
        "fp": 1752,
        "n_neg": 28904,
        "n_pos": 3890,
        "n_total": 32794,
        "precision": 0.6827810972297664,
        "roc_auc": 0.9903851780950963,
        "threshold": 0.22544576227664948,
        "tn": 27152,
        "tnr_specificity": 0.9393855521727097,
        "tp": 3771,
        "tpr_recall": 0.9694087403598972
      },
      "threshold": 0.22544576227664948
    }
  ]
}
