{
  "balanced_accuracy": 0.9536514056940482,
  "fn": 138,
  "fp": 1964,
  "n_neg": 32044,
  "n_pos": 4394,
  "n_total": 36438,
  "precision": 0.6842443729903537,
  "roc_auc": 0.9909724400626426,
  "threshold": 0.10530848056077957,
  "tn": 30080,
  "tnr_specificity": 0.9387092747472225,
  "tp": 4256,
  "tpr_recall": 0.9685935366408739
}
