{
  "balanced_accuracy": 0.9534641702547482,
  "fn": 179,
  "fp": 1677,
  "n_neg": 32044,
  "n_pos": 4394,
  "n_total": 36438,
  "precision": 0.7153767820773931,
  "roc_auc": 0.9905540704528542,
  "threshold": 0.2844674587249756,
  "tn": 30367,
  "tnr_specificity": 0.9476657096492324,
  "tp": 4215,
  "tpr_recall": 0.959262630860264
}
