{
  "balanced_accuracy": 0.8775137616591934,
  "fn": 396,
  "fp": 4962,
  "n_neg": 32044,
  "n_pos": 4394,
  "n_total": 36438,
  "precision": 0.44620535714285714,
  "roc_auc": 0.9461462780438389,
  "threshold": -0.21838042010438674,
  "tn": 27082,
  "tnr_specificity": 0.8451504181750094,
  "tp": 3998,
  "tpr_recall": 0.9098771051433774
}
