{
  "balanced_accuracy": 0.9548022683534765,
  "fn": 173,
  "fp": 1635,
  "n_neg": 32044,
  "n_pos": 4394,
  "n_total": 36438,
  "precision": 0.7207991803278688,
  "roc_auc": 0.9912629486697484,
  "threshold": 0.30274349451065063,
  "tn": 30409,
  "tnr_specificity": 0.9489764074397703,
  "tp": 4221,
  "tpr_recall": 0.9606281292671826
}
