{
  "balanced_accuracy": 0.9561510126580048,
  "fn": 110,
  "fp": 2008,
  "n_neg": 32044,
  "n_pos": 4394,
  "n_total": 36438,
  "precision": 0.680864589955499,
  "roc_auc": 0.9913029766990279,
  "threshold": 0.13741527497768402,
  "tn": 30036,
  "tnr_specificity": 0.9373361627761827,
  "tp": 4284,
  "tpr_recall": 0.9749658625398271
}
