{
  "created_utc": "2026-02-02T02:12:13+00:00",
  "model": "mlp_large",
  "n_seeds": 5,
  "run_dir": "ml_models/runs/mlp_large",
  "seed_runs": [
    {
      "best_c": null,
      "hem_only": {
        "fn": 10,
        "n_neg": 0,
        "n_pos": 262,
        "n_total": 262,
        "tp": 252,
        "tpr_recall": 0.9618320610687023
      },
      "seed": 3408,
      "threshold": 0.0024505776818841696,
      "valid": {
        "balanced_accuracy": 0.9520997939962729,
        "fn": 78,
        "fp": 2501,
        "mcc": 0.7550421341756403,
        "n_neg": 32044,
        "n_pos": 4394,
        "n_total": 36438,
        "precision": 0.6331230746662755,
        "roc_auc": 0.9915039335990393,
        "tn": 29543,
        "tnr_specificity": 0.9219510672824865,
        "tp": 4316,
        "tpr_recall": 0.9822485207100592
      }
    },
    {
      "best_c": null,
      "hem_only": {
        "fn": 12,
        "n_neg": 0,
        "n_pos": 262,
        "n_total": 262,
        "tp": 250,
        "tpr_recall": 0.9541984732824428
      },
      "seed": 3409,
      "threshold": 0.07989562302827835,
      "valid": {
        "balanced_accuracy": 0.9534245896644049,
        "fn": 174,
        "fp": 1716,
        "mcc": 0.7997004633177084,
        "n_neg": 32044,
        "n_pos": 4394,
        "n_total": 36438,
        "precision": 0.7109164420485176,
        "roc_auc": 0.990078794422803,
        "tn": 30328,
        "tnr_specificity": 0.946448633129447,
        "tp": 4220,
        "tpr_recall": 0.9604005461993628
      }
    },
    {
      "best_c": null,
      "hem_only": {
        "fn": 6,
        "n_neg": 0,
        "n_pos": 262,
        "n_total": 262,
        "tp": 256,
        "tpr_recall": 0.9770992366412213
      },
      "seed": 3410,
      "threshold": 0.02616666629910469,
      "valid": {
        "balanced_accuracy": 0.9523448840002484,
        "fn": 79,
        "fp": 2478,
        "mcc": 0.7564783995000113,
        "n_neg": 32044,
        "n_pos": 4394,
        "n_total": 36438,
        "precision": 0.6352127189754159,
        "roc_auc": 0.990977393850865,
        "tn": 29566,
        "tnr_specificity": 0.9226688303582574,
        "tp": 4315,
        "tpr_recall": 0.9820209376422394
      }
    },
    {
      "best_c": null,
      "hem_only": {
        "fn": 12,
        "n_neg": 0,
        "n_pos": 262,
        "n_total": 262,
        "tp": 250,
        "tpr_recall": 0.9541984732824428
      },
      "seed": 3411,
      "threshold": 0.02660066820681095,
      "valid": {
        "balanced_accuracy": 0.9546652526081145,
        "fn": 121,
        "fp": 2023,
        "mcc": 0.7832614566502091,
        "n_neg": 32044,
        "n_pos": 4394,
        "n_total": 36438,
        "precision": 0.6786848792884371,
        "roc_auc": 0.9912562974544504,
        "tn": 30021,
        "tnr_specificity": 0.9368680564224192,
        "tp": 4273,
        "tpr_recall": 0.9724624487938097
      }
    },
    {
      "best_c": null,
      "hem_only": {
        "fn": 8,
        "n_neg": 0,
        "n_pos": 262,
        "n_total": 262,
        "tp": 254,
        "tpr_recall": 0.9694656488549618
      },
      "seed": 3412,
      "threshold": 0.10530848056077957,
      "valid": {
        "balanced_accuracy": 0.9536514056940482,
        "fn": 138,
        "fp": 1964,
        "mcc": 0.7852855274819086,
        "n_neg": 32044,
        "n_pos": 4394,
        "n_total": 36438,
        "precision": 0.6842443729903537,
        "roc_auc": 0.9909724400626426,
        "tn": 30080,
        "tnr_specificity": 0.9387092747472225,
        "tp": 4256,
        "tpr_recall": 0.9685935366408739
      }
    }
  ],
  "seeds": [
    3408,
    3409,
    3410,
    3411,
    3412
  ],
  "summary": {
    "best_c_counts": {},
    "hem_only": {
      "tpr_recall": {
        "mean": 0.9633587786259542,
        "std": 0.009952980771301715
      }
    },
    "threshold": {
      "mean": 0.04808440315537155,
      "std": 0.04275199652731969
    },
    "valid": {
      "balanced_accuracy": {
        "mean": 0.9532371851926178,
        "std": 0.0010411454934927792
      },
      "mcc": {
        "mean": 0.7759535962250955,
        "std": 0.01949984611615939
      },
      "precision": {
        "mean": 0.6684362975938,
        "std": 0.03357946261157794
      },
      "roc_auc": {
        "mean": 0.9909577718779601,
        "std": 0.000538658446867799
      },
      "tnr_specificity": {
        "mean": 0.9333291723879665,
        "std": 0.01068519559641232
      },
      "tpr_recall": {
        "mean": 0.973145197997269,
        "std": 0.009290575273987352
      }
    }
  }
}
