{
  "balanced_accuracy": 0.9500462268340977,
  "fn": 145,
  "fp": 2144,
  "n_neg": 32044,
  "n_pos": 4394,
  "n_total": 36438,
  "precision": 0.6646331925543564,
  "roc_auc": 0.9898002246228687,
  "threshold": 0.27623236179351807,
  "tn": 29900,
  "tnr_specificity": 0.9330919985020597,
  "tp": 4249,
  "tpr_recall": 0.9670004551661356
}
