{
  "balanced_accuracy": 0.9524605931295993,
  "fn": 163,
  "fp": 1858,
  "n_neg": 32044,
  "n_pos": 4394,
  "n_total": 36438,
  "precision": 0.6948595828543275,
  "roc_auc": 0.990295340663529,
  "threshold": 0.37409552931785583,
  "tn": 30186,
  "tnr_specificity": 0.9420172263138185,
  "tp": 4231,
  "tpr_recall": 0.96290395994538
}
