{
  "balanced_accuracy": 0.9504500227185344,
  "fn": 183,
  "fp": 1841,
  "n_neg": 32044,
  "n_pos": 4394,
  "n_total": 36438,
  "precision": 0.6958030403172505,
  "roc_auc": 0.9896870048164884,
  "threshold": 0.4136282801628113,
  "tn": 30203,
  "tnr_specificity": 0.9425477468480838,
  "tp": 4211,
  "tpr_recall": 0.958352298588985
}
