{
  "created_utc": "2026-02-02T02:12:12+00:00",
  "model": "svm_linearsvc",
  "n_seeds": 5,
  "run_dir": "ml_models/runs/svm_linearsvc",
  "seed_runs": [
    {
      "best_c": 3.0,
      "hem_only": {
        "fn": 88,
        "n_neg": 0,
        "n_pos": 262,
        "n_total": 262,
        "tp": 174,
        "tpr_recall": 0.6641221374045801
      },
      "seed": 3408,
      "threshold": -0.2005035618606127,
      "valid": {
        "balanced_accuracy": 0.8774620078889024,
        "fn": 421,
        "fp": 4783,
        "mcc": 0.575380342832268,
        "n_neg": 32044,
        "n_pos": 4394,
        "n_total": 36438,
        "precision": 0.4537460027409776,
        "roc_auc": 0.9461604966589238,
        "tn": 27261,
        "tnr_specificity": 0.8507364873299214,
        "tp": 3973,
        "tpr_recall": 0.9041875284478835
      }
    },
    {
      "best_c": 0.03,
      "hem_only": {
        "fn": 84,
        "n_neg": 0,
        "n_pos": 262,
        "n_total": 262,
        "tp": 178,
        "tpr_recall": 0.6793893129770993
      },
      "seed": 3409,
      "threshold": -0.21838042010438674,
      "valid": {
        "balanced_accuracy": 0.8775137616591934,
        "fn": 396,
        "fp": 4962,
        "mcc": 0.5709783047351357,
        "n_neg": 32044,
        "n_pos": 4394,
        "n_total": 36438,
        "precision": 0.44620535714285714,
        "roc_auc": 0.9461462780438389,
        "tn": 27082,
        "tnr_specificity": 0.8451504181750094,
        "tp": 3998,
        "tpr_recall": 0.9098771051433774
      }
    },
    {
      "best_c": 10.0,
      "hem_only": {
        "fn": 76,
        "n_neg": 0,
        "n_pos": 262,
        "n_total": 262,
        "tp": 186,
        "tpr_recall": 0.7099236641221374
      },
      "seed": 3410,
      "threshold": -0.2593406470846171,
      "valid": {
        "balanced_accuracy": 0.8766863831462508,
        "fn": 338,
        "fp": 5438,
        "mcc": 0.5589303030670776,
        "n_neg": 32044,
        "n_pos": 4394,
        "n_total": 36438,
        "precision": 0.4272171898040868,
        "roc_auc": 0.946160482454513,
        "tn": 26606,
        "tnr_specificity": 0.8302958432155786,
        "tp": 4056,
        "tpr_recall": 0.9230769230769231
      }
    },
    {
      "best_c": 10.0,
      "hem_only": {
        "fn": 100,
        "n_neg": 0,
        "n_pos": 262,
        "n_total": 262,
        "tp": 162,
        "tpr_recall": 0.6183206106870229
      },
      "seed": 3411,
      "threshold": -0.13119244200359859,
      "valid": {
        "balanced_accuracy": 0.8772173156084258,
        "fn": 519,
        "fp": 4084,
        "mcc": 0.5946116083738918,
        "n_neg": 32044,
        "n_pos": 4394,
        "n_total": 36438,
        "precision": 0.48687020982535495,
        "roc_auc": 0.946160482454513,
        "tn": 27960,
        "tnr_specificity": 0.872550243415304,
        "tp": 3875,
        "tpr_recall": 0.8818843878015475
      }
    },
    {
      "best_c": 0.1,
      "hem_only": {
        "fn": 80,
        "n_neg": 0,
        "n_pos": 262,
        "n_total": 262,
        "tp": 182,
        "tpr_recall": 0.6946564885496184
      },
      "seed": 3412,
      "threshold": -0.24311816690291377,
      "valid": {
        "balanced_accuracy": 0.8777542778429318,
        "fn": 357,
        "fp": 5231,
        "mcc": 0.5649434046322239,
        "n_neg": 32044,
        "n_pos": 4394,
        "n_total": 36438,
        "precision": 0.4355848079413034,
        "roc_auc": 0.9461559796563295,
        "tn": 26813,
        "tnr_specificity": 0.8367557108975159,
        "tp": 4037,
        "tpr_recall": 0.9187528447883477
      }
    }
  ],
  "seeds": [
    3408,
    3409,
    3410,
    3411,
    3412
  ],
  "summary": {
    "best_c_counts": {
      "0.03": 1,
      "0.1": 1,
      "10": 2,
      "3": 1
    },
    "hem_only": {
      "tpr_recall": {
        "mean": 0.6732824427480916,
        "std": 0.0351476776586911
      }
    },
    "threshold": {
      "mean": -0.2105070475912258,
      "std": 0.0497520650909501
    },
    "valid": {
      "balanced_accuracy": {
        "mean": 0.8773267492291408,
        "std": 0.0004056148749440198
      },
      "mcc": {
        "mean": 0.5729687927281194,
        "std": 0.013598484579952668
      },
      "precision": {
        "mean": 0.44992471349091595,
        "std": 0.02299277106904605
      },
      "roc_auc": {
        "mean": 0.9461567438536236,
        "std": 6.167556096131671e-06
      },
      "tnr_specificity": {
        "mean": 0.8470977406066659,
        "std": 0.016233636191855874
      },
      "tpr_recall": {
        "mean": 0.9075557578516159,
        "std": 0.01614027717104557
      }
    }
  }
}
