{
  "created_utc": "2026-02-02T02:12:12+00:00",
  "model": "xgb",
  "n_seeds": 5,
  "run_dir": "ml_models/runs/xgb",
  "seed_runs": [
    {
      "best_c": null,
      "hem_only": {
        "fn": 16,
        "n_neg": 0,
        "n_pos": 262,
        "n_total": 262,
        "tp": 246,
        "tpr_recall": 0.9389312977099237
      },
      "seed": 3408,
      "threshold": 0.4136282801628113,
      "valid": {
        "balanced_accuracy": 0.9504500227185344,
        "fn": 183,
        "fp": 1841,
        "mcc": 0.7883040725342804,
        "n_neg": 32044,
        "n_pos": 4394,
        "n_total": 36438,
        "precision": 0.6958030403172505,
        "roc_auc": 0.9896870048164884,
        "tn": 30203,
        "tnr_specificity": 0.9425477468480838,
        "tp": 4211,
        "tpr_recall": 0.958352298588985
      }
    },
    {
      "best_c": null,
      "hem_only": {
        "fn": 14,
        "n_neg": 0,
        "n_pos": 262,
        "n_total": 262,
        "tp": 248,
        "tpr_recall": 0.9465648854961832
      },
      "seed": 3409,
      "threshold": 0.2802037298679352,
      "valid": {
        "balanced_accuracy": 0.9508427675714668,
        "fn": 138,
        "fp": 2144,
        "mcc": 0.7716724529118709,
        "n_neg": 32044,
        "n_pos": 4394,
        "n_total": 36438,
        "precision": 0.665,
        "roc_auc": 0.9897955584739622,
        "tn": 29900,
        "tnr_specificity": 0.9330919985020597,
        "tp": 4256,
        "tpr_recall": 0.9685935366408739
      }
    },
    {
      "best_c": null,
      "hem_only": {
        "fn": 16,
        "n_neg": 0,
        "n_pos": 262,
        "n_total": 262,
        "tp": 246,
        "tpr_recall": 0.9389312977099237
      },
      "seed": 3410,
      "threshold": 0.27623236179351807,
      "valid": {
        "balanced_accuracy": 0.9500462268340977,
        "fn": 145,
        "fp": 2144,
        "mcc": 0.7706408956917773,
        "n_neg": 32044,
        "n_pos": 4394,
        "n_total": 36438,
        "precision": 0.6646331925543564,
        "roc_auc": 0.9898002246228687,
        "tn": 29900,
        "tnr_specificity": 0.9330919985020597,
        "tp": 4249,
        "tpr_recall": 0.9670004551661356
      }
    },
    {
      "best_c": null,
      "hem_only": {
        "fn": 17,
        "n_neg": 0,
        "n_pos": 262,
        "n_total": 262,
        "tp": 245,
        "tpr_recall": 0.9351145038167938
      },
      "seed": 3411,
      "threshold": 0.44520339369773865,
      "valid": {
        "balanced_accuracy": 0.9514524563886241,
        "fn": 189,
        "fp": 1733,
        "mcc": 0.7961142316034419,
        "n_neg": 32044,
        "n_pos": 4394,
        "n_total": 36438,
        "precision": 0.7081508925564163,
        "roc_auc": 0.989713254567414,
        "tn": 30311,
        "tnr_specificity": 0.9459181125951817,
        "tp": 4205,
        "tpr_recall": 0.9569868001820665
      }
    },
    {
      "best_c": null,
      "hem_only": {
        "fn": 19,
        "n_neg": 0,
        "n_pos": 262,
        "n_total": 262,
        "tp": 243,
        "tpr_recall": 0.9274809160305344
      },
      "seed": 3412,
      "threshold": 0.42649513483047485,
      "valid": {
        "balanced_accuracy": 0.951567767794476,
        "fn": 174,
        "fp": 1835,
        "mcc": 0.7901033769961788,
        "n_neg": 32044,
        "n_pos": 4394,
        "n_total": 36438,
        "precision": 0.6969446738232865,
        "roc_auc": 0.9894768434583602,
        "tn": 30209,
        "tnr_specificity": 0.9427349893895893,
        "tp": 4220,
        "tpr_recall": 0.9604005461993628
      }
    }
  ],
  "seeds": [
    3408,
    3409,
    3410,
    3411,
    3412
  ],
  "summary": {
    "best_c_counts": {},
    "hem_only": {
      "tpr_recall": {
        "mean": 0.9374045801526718,
        "std": 0.006933550429230893
      }
    },
    "threshold": {
      "mean": 0.3683525800704956,
      "std": 0.08305547491807383
    },
    "valid": {
      "balanced_accuracy": {
        "mean": 0.9508718482614398,
        "std": 0.0006484294507263331
      },
      "mcc": {
        "mean": 0.7833670059475099,
        "std": 0.011521301318158853
      },
      "precision": {
        "mean": 0.6861063598502619,
        "std": 0.020025180548100815
      },
      "roc_auc": {
        "mean": 0.9896945771878187,
        "std": 0.00013150357689417595
      },
      "tnr_specificity": {
        "mean": 0.9394769691673949,
        "std": 0.005980560190821335
      },
      "tpr_recall": {
        "mean": 0.9622667273554848,
        "std": 0.005223019010856703
      }
    }
  }
}
