{
  "arch": "large",
  "batch_size": 2048,
  "best_epoch": 37,
  "best_lr": 0.0003,
  "best_threshold": 0.02660066820681095,
  "datasets_dir": "ml_models/artifacts/datasets",
  "device": "cpu",
  "dropout": 0.1,
  "env": {
    "git_commit": null,
    "numpy": "2.4.1",
    "pandas": "3.0.0",
    "pymatgen": null,
    "python": "3.11.14 | packaged by conda-forge | (main, Jan 26 2026, 23:48:32) [GCC 14.3.0]",
    "scikit_learn": "1.8.0",
    "timestamp_utc": "2026-01-27T17:02:28+00:00",
    "torch": "2.7.0+cpu",
    "xgboost": "3.1.3"
  },
  "eval_batch_size": 8192,
  "feature_set": "v1",
  "features_train": "ml_models/artifacts/features/features_v1_train.npz",
  "features_valid": "ml_models/artifacts/features/features_v1_valid.npz",
  "features_valid_hem_only": "ml_models/artifacts/features/features_v1_valid_hem_only.npz",
  "hidden_sizes": [
    4096,
    4096,
    4096
  ],
  "inner_split_seed": 3411,
  "lr_grid": [
    0.0001,
    0.0003,
    0.001
  ],
  "max_epochs": 50,
  "model": "mlp_large",
  "num_workers": 0,
  "parameter_count": 34070529,
  "patience": 5,
  "retrain_full": true,
  "seed": 3411,
  "tune_frac": 0.1,
  "tune_search": [
    {
      "best_auc": 0.9892574666105045,
      "best_epoch": 16,
      "lr": 0.0001,
      "metrics_tune": {
        "balanced_accuracy": 0.9512159034392372,
        "fn": 63,
        "fp": 2352,
        "n_neg": 28904,
        "n_pos": 3890,
        "n_total": 32794,
        "precision": 0.6193558828289367,
        "roc_auc": 0.9892574666105045,
        "threshold": 0.29020047187805176,
        "tn": 26552,
        "tnr_specificity": 0.9186271796291171,
        "tp": 3827,
        "tpr_recall": 0.9838046272493574
      },
      "threshold": 0.29020047187805176
    },
    {
      "best_auc": 0.9911418181061391,
      "best_epoch": 37,
      "lr": 0.0003,
      "metrics_tune": {
        "balanced_accuracy": 0.9559940823518613,
        "fn": 102,
        "fp": 1786,
        "n_neg": 28904,
        "n_pos": 3890,
        "n_total": 32794,
        "precision": 0.679583781844277,
        "roc_auc": 0.9911418181061391,
        "threshold": 0.02660066820681095,
        "tn": 27118,
        "tnr_specificity": 0.9382092443952395,
        "tp": 3788,
        "tpr_recall": 0.9737789203084833
      },
      "threshold": 0.02660066820681095
    },
    {
      "best_auc": 0.990345497941239,
      "best_epoch": 22,
      "lr": 0.001,
      "metrics_tune": {
        "balanced_accuracy": 0.9546511650658824,
        "fn": 136,
        "fp": 1611,
        "n_neg": 28904,
        "n_pos": 3890,
        "n_total": 32794,
        "precision": 0.6997204100652377,
        "roc_auc": 0.990345497941239,
        "threshold": 0.5054965615272522,
        "tn": 27293,
        "tnr_specificity": 0.9442637697204539,
        "tp": 3754,
        "tpr_recall": 0.9650385604113111
      },
      "threshold": 0.5054965615272522
    }
  ]
}
