{
  "balanced_accuracy": 0.9546652526081145,
  "fn": 121,
  "fp": 2023,
  "n_neg": 32044,
  "n_pos": 4394,
  "n_total": 36438,
  "precision": 0.6786848792884371,
  "roc_auc": 0.9912562974544504,
  "threshold": 0.02660066820681095,
  "tn": 30021,
  "tnr_specificity": 0.9368680564224192,
  "tp": 4273,
  "tpr_recall": 0.9724624487938097
}
