{
  "balanced_accuracy": 0.952272974171211,
  "fn": 187,
  "fp": 1695,
  "n_neg": 32044,
  "n_pos": 4394,
  "n_total": 36438,
  "precision": 0.7128092172145035,
  "roc_auc": 0.9902144465447402,
  "threshold": 0.5516448616981506,
  "tn": 30349,
  "tnr_specificity": 0.947103982024716,
  "tp": 4207,
  "tpr_recall": 0.957441966317706
}
