{
  "balanced_accuracy": 0.9514524563886241,
  "fn": 189,
  "fp": 1733,
  "n_neg": 32044,
  "n_pos": 4394,
  "n_total": 36438,
  "precision": 0.7081508925564163,
  "roc_auc": 0.989713254567414,
  "threshold": 0.44520339369773865,
  "tn": 30311,
  "tnr_specificity": 0.9459181125951817,
  "tp": 4205,
  "tpr_recall": 0.9569868001820665
}
