{
  "balanced_accuracy": 0.9545058009960928,
  "fn": 173,
  "fp": 1654,
  "n_neg": 32044,
  "n_pos": 4394,
  "n_total": 36438,
  "precision": 0.7184680851063829,
  "roc_auc": 0.9914223718729487,
  "threshold": 0.132803812623024,
  "tn": 30390,
  "tnr_specificity": 0.9483834727250031,
  "tp": 4221,
  "tpr_recall": 0.9606281292671826
}
