{
  "balanced_accuracy": 0.954860485130624,
  "fn": 109,
  "fp": 2098,
  "n_neg": 32044,
  "n_pos": 4394,
  "n_total": 36438,
  "precision": 0.6713144289519035,
  "roc_auc": 0.991693399130815,
  "threshold": 0.17898806929588318,
  "tn": 29946,
  "tnr_specificity": 0.9345275246536013,
  "tp": 4285,
  "tpr_recall": 0.9751934456076468
}
