{
  "balanced_accuracy": 0.9490670102732548,
  "fn": 151,
  "fp": 2163,
  "n_neg": 32044,
  "n_pos": 4394,
  "n_total": 36438,
  "precision": 0.6623477989384952,
  "roc_auc": 0.9882827674305589,
  "threshold": 0.5144292116165161,
  "tn": 29881,
  "tnr_specificity": 0.9324990637872925,
  "tp": 4243,
  "tpr_recall": 0.9656349567592171
}
