{
  "created_utc": "2026-02-02T02:12:12+00:00",
  "model": "mlp_small",
  "n_seeds": 5,
  "run_dir": "ml_models/runs/mlp_small",
  "seed_runs": [
    {
      "best_c": null,
      "hem_only": {
        "fn": 13,
        "n_neg": 0,
        "n_pos": 262,
        "n_total": 262,
        "tp": 249,
        "tpr_recall": 0.950381679389313
      },
      "seed": 3408,
      "threshold": 0.37409552931785583,
      "valid": {
        "balanced_accuracy": 0.9524605931295993,
        "fn": 163,
        "fp": 1858,
        "mcc": 0.7898942713172444,
        "n_neg": 32044,
        "n_pos": 4394,
        "n_total": 36438,
        "precision": 0.6948595828543275,
        "roc_auc": 0.990295340663529,
        "tn": 30186,
        "tnr_specificity": 0.9420172263138185,
        "tp": 4231,
        "tpr_recall": 0.96290395994538
      }
    },
    {
      "best_c": null,
      "hem_only": {
        "fn": 11,
        "n_neg": 0,
        "n_pos": 262,
        "n_total": 262,
        "tp": 251,
        "tpr_recall": 0.9580152671755725
      },
      "seed": 3409,
      "threshold": 0.28820347785949707,
      "valid": {
        "balanced_accuracy": 0.9551740901094858,
        "fn": 177,
        "fp": 1582,
        "mcc": 0.8103955890870029,
        "n_neg": 32044,
        "n_pos": 4394,
        "n_total": 36438,
        "precision": 0.7271943438523883,
        "roc_auc": 0.9911486031638224,
        "tn": 30462,
        "tnr_specificity": 0.9506303832230683,
        "tp": 4217,
        "tpr_recall": 0.9597177969959035
      }
    },
    {
      "best_c": null,
      "hem_only": {
        "fn": 8,
        "n_neg": 0,
        "n_pos": 262,
        "n_total": 262,
        "tp": 254,
        "tpr_recall": 0.9694656488549618
      },
      "seed": 3410,
      "threshold": 0.1893308162689209,
      "valid": {
        "balanced_accuracy": 0.9545400407280227,
        "fn": 104,
        "fp": 2155,
        "mcc": 0.7758613457952023,
        "n_neg": 32044,
        "n_pos": 4394,
        "n_total": 36438,
        "precision": 0.6656322730799069,
        "roc_auc": 0.9909761438627259,
        "tn": 29889,
        "tnr_specificity": 0.9327487205092997,
        "tp": 4290,
        "tpr_recall": 0.9763313609467456
      }
    },
    {
      "best_c": null,
      "hem_only": {
        "fn": 8,
        "n_neg": 0,
        "n_pos": 262,
        "n_total": 262,
        "tp": 254,
        "tpr_recall": 0.9694656488549618
      },
      "seed": 3411,
      "threshold": 0.5516448616981506,
      "valid": {
        "balanced_accuracy": 0.952272974171211,
        "fn": 187,
        "fp": 1695,
        "mcc": 0.7995181817658444,
        "n_neg": 32044,
        "n_pos": 4394,
        "n_total": 36438,
        "precision": 0.7128092172145035,
        "roc_auc": 0.9902144465447402,
        "tn": 30349,
        "tnr_specificity": 0.947103982024716,
        "tp": 4207,
        "tpr_recall": 0.957441966317706
      }
    },
    {
      "best_c": null,
      "hem_only": {
        "fn": 11,
        "n_neg": 0,
        "n_pos": 262,
        "n_total": 262,
        "tp": 251,
        "tpr_recall": 0.9580152671755725
      },
      "seed": 3412,
      "threshold": 0.39597755670547485,
      "valid": {
        "balanced_accuracy": 0.9549967338378096,
        "fn": 127,
        "fp": 1958,
        "mcc": 0.7873631032314081,
        "n_neg": 32044,
        "n_pos": 4394,
        "n_total": 36438,
        "precision": 0.6854618473895583,
        "roc_auc": 0.9905622024779649,
        "tn": 30086,
        "tnr_specificity": 0.938896517288728,
        "tp": 4267,
        "tpr_recall": 0.9710969503868913
      }
    }
  ],
  "seeds": [
    3408,
    3409,
    3410,
    3411,
    3412
  ],
  "summary": {
    "best_c_counts": {},
    "hem_only": {
      "tpr_recall": {
        "mean": 0.9610687022900763,
        "std": 0.00827461198041174
      }
    },
    "threshold": {
      "mean": 0.35985044836997987,
      "std": 0.13463229607620514
    },
    "valid": {
      "balanced_accuracy": {
        "mean": 0.9538888863952257,
        "std": 0.001410165812649503
      },
      "mcc": {
        "mean": 0.7926064982393405,
        "std": 0.01303334779345386
      },
      "precision": {
        "mean": 0.6971914528781369,
        "std": 0.023890851397249044
      },
      "roc_auc": {
        "mean": 0.9906393473425564,
        "std": 0.0004115841350273081
      },
      "tnr_specificity": {
        "mean": 0.9422793658719261,
        "std": 0.006988597758738177
      },
      "tpr_recall": {
        "mean": 0.9654984069185253,
        "std": 0.007964757109812306
      }
    }
  }
}
