{
  "balanced_accuracy": 0.951567767794476,
  "fn": 174,
  "fp": 1835,
  "n_neg": 32044,
  "n_pos": 4394,
  "n_total": 36438,
  "precision": 0.6969446738232865,
  "roc_auc": 0.9894768434583602,
  "threshold": 0.42649513483047485,
  "tn": 30209,
  "tnr_specificity": 0.9427349893895893,
  "tp": 4220,
  "tpr_recall": 0.9604005461993628
}
