{
  "balanced_accuracy": 0.9549967338378096,
  "fn": 127,
  "fp": 1958,
  "n_neg": 32044,
  "n_pos": 4394,
  "n_total": 36438,
  "precision": 0.6854618473895583,
  "roc_auc": 0.9905622024779649,
  "threshold": 0.39597755670547485,
  "tn": 30086,
  "tnr_specificity": 0.938896517288728,
  "tp": 4267,
  "tpr_recall": 0.9710969503868913
}
