{
  "balanced_accuracy": 0.9471142802224548,
  "fn": 131,
  "fp": 2434,
  "n_neg": 32044,
  "n_pos": 4394,
  "n_total": 36438,
  "precision": 0.6365536807525758,
  "roc_auc": 0.9881984642532086,
  "threshold": 0.4328722059726715,
  "tn": 29610,
  "tnr_specificity": 0.9240419423292973,
  "tp": 4263,
  "tpr_recall": 0.9701866181156122
}
