{
  "balanced_accuracy": 0.9551740901094858,
  "fn": 177,
  "fp": 1582,
  "n_neg": 32044,
  "n_pos": 4394,
  "n_total": 36438,
  "precision": 0.7271943438523883,
  "roc_auc": 0.9911486031638224,
  "threshold": 0.28820347785949707,
  "tn": 30462,
  "tnr_specificity": 0.9506303832230683,
  "tp": 4217,
  "tpr_recall": 0.9597177969959035
}
