{
  "balanced_accuracy": 0.8766863831462508,
  "fn": 338,
  "fp": 5438,
  "n_neg": 32044,
  "n_pos": 4394,
  "n_total": 36438,
  "precision": 0.4272171898040868,
  "roc_auc": 0.946160482454513,
  "threshold": -0.2593406470846171,
  "tn": 26606,
  "tnr_specificity": 0.8302958432155786,
  "tp": 4056,
  "tpr_recall": 0.9230769230769231
}
