{
  "balanced_accuracy": 0.9520997939962729,
  "fn": 78,
  "fp": 2501,
  "n_neg": 32044,
  "n_pos": 4394,
  "n_total": 36438,
  "precision": 0.6331230746662755,
  "roc_auc": 0.9915039335990393,
  "threshold": 0.0024505776818841696,
  "tn": 29543,
  "tnr_specificity": 0.9219510672824865,
  "tp": 4316,
  "tpr_recall": 0.9822485207100592
}
