{
  "balanced_accuracy": 0.8774620078889024,
  "fn": 421,
  "fp": 4783,
  "n_neg": 32044,
  "n_pos": 4394,
  "n_total": 36438,
  "precision": 0.4537460027409776,
  "roc_auc": 0.9461604966589238,
  "threshold": -0.2005035618606127,
  "tn": 27261,
  "tnr_specificity": 0.8507364873299214,
  "tp": 3973,
  "tpr_recall": 0.9041875284478835
}
