{
  "balanced_accuracy": 0.9503263307103847,
  "fn": 152,
  "fp": 2075,
  "n_neg": 32044,
  "n_pos": 4394,
  "n_total": 36438,
  "precision": 0.6715212917524142,
  "roc_auc": 0.9887751810820886,
  "threshold": 0.5177760124206543,
  "tn": 29969,
  "tnr_specificity": 0.9352452877293721,
  "tp": 4242,
  "tpr_recall": 0.9654073736913974
}
