{
  "balanced_accuracy": 0.9523448840002484,
  "fn": 79,
  "fp": 2478,
  "n_neg": 32044,
  "n_pos": 4394,
  "n_total": 36438,
  "precision": 0.6352127189754159,
  "roc_auc": 0.990977393850865,
  "threshold": 0.02616666629910469,
  "tn": 29566,
  "tnr_specificity": 0.9226688303582574,
  "tp": 4315,
  "tpr_recall": 0.9820209376422394
}
