{
  "balanced_accuracy": 0.9534245896644049,
  "fn": 174,
  "fp": 1716,
  "n_neg": 32044,
  "n_pos": 4394,
  "n_total": 36438,
  "precision": 0.7109164420485176,
  "roc_auc": 0.990078794422803,
  "threshold": 0.07989562302827835,
  "tn": 30328,
  "tnr_specificity": 0.946448633129447,
  "tp": 4220,
  "tpr_recall": 0.9604005461993628
}
