{
  "balanced_accuracy": 0.8777542778429318,
  "fn": 357,
  "fp": 5231,
  "n_neg": 32044,
  "n_pos": 4394,
  "n_total": 36438,
  "precision": 0.4355848079413034,
  "roc_auc": 0.9461559796563295,
  "threshold": -0.24311816690291377,
  "tn": 26813,
  "tnr_specificity": 0.8367557108975159,
  "tp": 4037,
  "tpr_recall": 0.9187528447883477
}
