{
  "balanced_accuracy": 0.9479336616521877,
  "fn": 160,
  "fp": 2170,
  "n_neg": 32044,
  "n_pos": 4394,
  "n_total": 36438,
  "precision": 0.6611492816989382,
  "roc_auc": 0.9881832513293767,
  "threshold": 0.4718509614467621,
  "tn": 29874,
  "tnr_specificity": 0.9322806141555361,
  "tp": 4234,
  "tpr_recall": 0.9635867091488394
}
