{
  "balanced_accuracy": 0.8772173156084258,
  "fn": 519,
  "fp": 4084,
  "n_neg": 32044,
  "n_pos": 4394,
  "n_total": 36438,
  "precision": 0.48687020982535495,
  "roc_auc": 0.946160482454513,
  "threshold": -0.13119244200359859,
  "tn": 27960,
  "tnr_specificity": 0.872550243415304,
  "tp": 3875,
  "tpr_recall": 0.8818843878015475
}
