{
  "created_utc": "2026-02-02T02:12:13+00:00",
  "model": "roost_aviary",
  "n_seeds": 5,
  "run_dir": "ml_models/runs/roost_aviary",
  "seed_runs": [
    {
      "best_c": null,
      "hem_only": {
        "fn": 13,
        "n_neg": 0,
        "n_pos": 262,
        "n_total": 262,
        "tp": 249,
        "tpr_recall": 0.950381679389313
      },
      "seed": 3408,
      "threshold": 0.4090128540992737,
      "valid": {
        "balanced_accuracy": 0.9519528990832871,
        "fn": 117,
        "fp": 2226,
        "mcc": 0.7687410132106653,
        "n_neg": 32044,
        "n_pos": 4394,
        "n_total": 36438,
        "precision": 0.6576964477933261,
        "roc_auc": 0.9892240333571835,
        "tn": 29818,
        "tnr_specificity": 0.9305330171014855,
        "tp": 4277,
        "tpr_recall": 0.9733727810650887
      }
    },
    {
      "best_c": null,
      "hem_only": {
        "fn": 11,
        "n_neg": 0,
        "n_pos": 262,
        "n_total": 262,
        "tp": 251,
        "tpr_recall": 0.9580152671755725
      },
      "seed": 3409,
      "threshold": 0.5177760124206543,
      "valid": {
        "balanced_accuracy": 0.9503263307103847,
        "fn": 152,
        "fp": 2075,
        "mcc": 0.7747660699853267,
        "n_neg": 32044,
        "n_pos": 4394,
        "n_total": 36438,
        "precision": 0.6715212917524142,
        "roc_auc": 0.9887751810820886,
        "tn": 29969,
        "tnr_specificity": 0.9352452877293721,
        "tp": 4242,
        "tpr_recall": 0.9654073736913974
      }
    },
    {
      "best_c": null,
      "hem_only": {
        "fn": 6,
        "n_neg": 0,
        "n_pos": 262,
        "n_total": 262,
        "tp": 256,
        "tpr_recall": 0.9770992366412213
      },
      "seed": 3410,
      "threshold": 0.5144292116165161,
      "valid": {
        "balanced_accuracy": 0.9490670102732548,
        "fn": 151,
        "fp": 2163,
        "mcc": 0.7683497254513346,
        "n_neg": 32044,
        "n_pos": 4394,
        "n_total": 36438,
        "precision": 0.6623477989384952,
        "roc_auc": 0.9882827674305589,
        "tn": 29881,
        "tnr_specificity": 0.9324990637872925,
        "tp": 4243,
        "tpr_recall": 0.9656349567592171
      }
    },
    {
      "best_c": null,
      "hem_only": {
        "fn": 11,
        "n_neg": 0,
        "n_pos": 262,
        "n_total": 262,
        "tp": 251,
        "tpr_recall": 0.9580152671755725
      },
      "seed": 3411,
      "threshold": 0.4718509614467621,
      "valid": {
        "balanced_accuracy": 0.9479336616521877,
        "fn": 160,
        "fp": 2170,
        "mcc": 0.766504720880964,
        "n_neg": 32044,
        "n_pos": 4394,
        "n_total": 36438,
        "precision": 0.6611492816989382,
        "roc_auc": 0.9881832513293767,
        "tn": 29874,
        "tnr_specificity": 0.9322806141555361,
        "tp": 4234,
        "tpr_recall": 0.9635867091488394
      }
    },
    {
      "best_c": null,
      "hem_only": {
        "fn": 12,
        "n_neg": 0,
        "n_pos": 262,
        "n_total": 262,
        "tp": 250,
        "tpr_recall": 0.9541984732824428
      },
      "seed": 3412,
      "threshold": 0.4328722059726715,
      "valid": {
        "balanced_accuracy": 0.9471142802224548,
        "fn": 131,
        "fp": 2434,
        "mcc": 0.7518548254406364,
        "n_neg": 32044,
        "n_pos": 4394,
        "n_total": 36438,
        "precision": 0.6365536807525758,
        "roc_auc": 0.9881984642532086,
        "tn": 29610,
        "tnr_specificity": 0.9240419423292973,
        "tp": 4263,
        "tpr_recall": 0.9701866181156122
      }
    }
  ],
  "seeds": [
    3408,
    3409,
    3410,
    3411,
    3412
  ],
  "summary": {
    "best_c_counts": {},
    "hem_only": {
      "tpr_recall": {
        "mean": 0.9595419847328244,
        "std": 0.010312409226035327
      }
    },
    "threshold": {
      "mean": 0.4691882491111755,
      "std": 0.04835943192099592
    },
    "valid": {
      "balanced_accuracy": {
        "mean": 0.9492788363883138,
        "std": 0.0019227275171166062
      },
      "mcc": {
        "mean": 0.7660432709937854,
        "std": 0.0085177709920696
      },
      "precision": {
        "mean": 0.6578537001871498,
        "std": 0.012957395537984901
      },
      "roc_auc": {
        "mean": 0.9885327394904833,
        "std": 0.00045635322811091134
      },
      "tnr_specificity": {
        "mean": 0.9309199850205967,
        "std": 0.004198519392314814
      },
      "tpr_recall": {
        "mean": 0.967637687756031,
        "std": 0.00402442546179016
      }
    }
  }
}
