{
  "balanced_accuracy": 0.9545400407280227,
  "fn": 104,
  "fp": 2155,
  "n_neg": 32044,
  "n_pos": 4394,
  "n_total": 36438,
  "precision": 0.6656322730799069,
  "roc_auc": 0.9909761438627259,
  "threshold": 0.1893308162689209,
  "tn": 29889,
  "tnr_specificity": 0.9327487205092997,
  "tp": 4290,
  "tpr_recall": 0.9763313609467456
}
