{
  "balanced_accuracy": 0.9508427675714668,
  "fn": 138,
  "fp": 2144,
  "n_neg": 32044,
  "n_pos": 4394,
  "n_total": 36438,
  "precision": 0.665,
  "roc_auc": 0.9897955584739622,
  "threshold": 0.2802037298679352,
  "tn": 29900,
  "tnr_specificity": 0.9330919985020597,
  "tp": 4256,
  "tpr_recall": 0.9685935366408739
}
