{
  "balanced_accuracy": 0.9519528990832871,
  "fn": 117,
  "fp": 2226,
  "n_neg": 32044,
  "n_pos": 4394,
  "n_total": 36438,
  "precision": 0.6576964477933261,
  "roc_auc": 0.9892240333571835,
  "threshold": 0.4090128540992737,
  "tn": 29818,
  "tnr_specificity": 0.9305330171014855,
  "tp": 4277,
  "tpr_recall": 0.9733727810650887
}
